gpa_cumulative,gpa_trend,assignment_completion_rate,late_submission_rate,resit_count,project_performance,attendance_rate,weekly_study_hours,sleep_hours_avg,sleep_consistency,part_time_work_hours,stress_level,anxiety_score,mood_stability,career_clarity_score,career_readiness_score,academic_risk_level,academic_risk_encoded
3.49,0.0,0.83,0.1,1,83.0,0.65,26.0,5.1,1.14,10,44.0,9.0,63.0,64,72.2,Low,0
3.17,0.53,0.8,0.16,0,79.0,0.59,13.0,4.7,1.62,13,3.0,3.0,100.0,61,67.1,Low,0
3.47,-0.35,0.77,0.21,2,80.0,0.63,32.0,5.9,0.76,2,44.0,8.0,71.0,62,74.0,Medium,1
3.38,0.28,0.66,0.22,2,80.0,0.79,28.0,4.9,1.44,22,43.0,10.0,51.0,49,67.2,Medium,1
2.99,-0.0,0.65,0.34,1,74.0,0.62,20.0,5.6,1.31,0,8.0,2.0,73.0,63,68.5,Medium,1
3.54,-0.33,0.59,0.27,1,84.0,0.81,44.0,6.2,0.32,19,48.0,11.0,57.0,19,68.0,Low,0
3.56,0.35,0.97,0.2,0,68.0,0.53,21.0,5.6,1.57,2,9.0,4.0,85.0,62,70.9,Low,0
3.23,0.48,0.93,0.18,2,67.0,0.69,19.0,5.9,1.1,9,29.0,6.0,75.0,54,67.0,Medium,1
3.68,0.02,0.81,0.16,0,85.0,0.73,35.0,5.5,0.98,18,43.0,16.0,49.0,56,72.3,Low,0
3.53,0.42,0.85,0.13,0,77.0,0.68,23.0,4.7,1.68,19,35.0,8.0,58.0,57,68.3,Low,0
3.1,-0.17,0.55,0.37,0,78.0,0.71,27.0,5.5,1.38,11,27.0,8.0,67.0,40,65.4,Medium,1
3.48,0.45,0.82,0.19,0,80.0,0.63,20.0,4.5,2.08,31,92.0,19.0,76.0,39,57.6,Low,0
3.11,-0.11,0.73,0.11,1,75.0,0.54,16.0,5.1,0.92,17,10.0,6.0,85.0,48,62.9,Medium,1
2.75,-0.52,0.74,0.35,0,77.0,0.49,13.0,5.9,1.4,15,12.0,6.0,77.0,64,62.4,Medium,1
3.79,-0.06,0.72,0.14,1,76.0,0.74,40.0,5.4,0.76,23,52.0,11.0,62.0,56,72.7,Low,0
4.0,-0.07,0.81,0.16,0,87.0,0.83,48.0,5.7,0.8,14,67.0,16.0,40.0,67,78.7,Low,0
3.6,-0.2,0.82,0.37,2,81.0,0.71,39.0,6.7,1.01,26,24.0,8.0,51.0,60,73.5,Low,0
3.69,0.43,0.81,0.19,1,77.0,0.68,31.0,5.4,1.27,24,35.0,6.0,84.0,32,67.1,Low,0
4.0,0.35,0.99,0.0,0,83.0,0.7,34.0,4.9,0.97,15,53.0,15.0,45.0,46,72.8,Low,0
2.34,-0.05,0.62,0.44,2,66.0,0.53,2.0,5.6,1.72,18,0.0,0.0,100.0,60,55.7,High,2
3.18,0.5,0.82,0.04,1,67.0,0.59,15.0,5.2,0.67,11,8.0,4.0,90.0,90,69.8,Medium,1
3.48,0.34,0.92,0.1,0,80.0,0.69,22.0,4.9,1.53,2,49.0,13.0,50.0,73,72.8,Low,0
3.91,0.18,0.8,0.22,0,89.0,0.75,38.0,5.5,1.57,25,52.0,9.0,60.0,47,74.5,Low,0
4.0,0.1,0.97,0.0,1,95.0,0.74,38.0,5.0,1.09,8,54.0,16.0,40.0,55,78.2,Low,0
3.61,0.16,0.96,0.25,0,82.0,0.74,32.0,6.1,1.29,28,38.0,11.0,60.0,44,70.1,Low,0
3.31,0.4,0.67,0.0,0,81.0,0.73,21.0,4.3,0.88,8,34.0,9.0,60.0,82,72.4,Low,0
3.44,-0.07,0.61,0.31,0,73.0,0.84,38.0,5.6,1.07,30,55.0,10.0,46.0,87,73.6,Low,0
4.0,-0.48,0.54,0.28,0,95.0,0.8,54.0,5.1,1.19,18,58.0,19.0,29.0,55,74.8,Low,0
3.49,-0.27,0.7,0.3,0,71.0,0.56,30.0,5.5,1.42,4,27.0,4.0,71.0,47,68.8,Low,0
3.42,0.25,0.97,0.24,1,74.0,0.68,22.0,5.6,1.73,17,38.0,8.0,50.0,35,64.7,Low,0
3.41,0.48,0.62,0.0,1,70.0,0.58,16.0,3.3,1.41,0,23.0,6.0,69.0,63,66.4,Medium,1
3.69,0.41,1.0,0.08,0,85.0,0.63,21.0,5.1,1.7,24,46.0,10.0,56.0,30,64.9,Low,0
2.63,-0.33,0.8,0.5,0,65.0,0.65,20.0,6.4,1.23,31,12.0,2.0,95.0,68,62.6,Medium,1
4.0,0.17,0.8,0.2,0,85.0,0.7,41.0,5.5,1.38,11,56.0,14.0,59.0,39,74.1,Low,0
3.63,0.82,0.93,0.0,0,85.0,0.73,21.0,4.5,0.79,0,35.0,11.0,40.0,63,73.2,Low,0
2.95,0.1,0.88,0.24,2,69.0,0.61,13.0,5.8,1.32,0,20.0,5.0,75.0,83,69.7,Medium,1
2.91,0.43,0.9,0.21,1,64.0,0.46,4.0,5.5,1.52,8,0.0,1.0,100.0,65,61.1,High,2
3.44,0.08,0.89,0.29,0,84.0,0.74,27.0,5.6,1.81,22,52.0,16.0,54.0,66,70.5,Low,0
3.41,0.06,0.77,0.3,0,74.0,0.61,26.0,5.6,1.45,26,16.0,6.0,70.0,25,61.6,Low,0
3.56,0.18,0.66,0.21,0,84.0,0.74,33.0,5.1,1.18,19,43.0,6.0,70.0,45,70.6,Low,0
3.22,0.12,0.81,0.26,0,80.0,0.76,27.0,5.5,0.9,17,44.0,9.0,65.0,20,63.6,Low,0
4.0,0.23,0.85,0.0,1,95.0,0.85,45.0,5.5,0.21,17,73.0,15.0,27.0,49,76.1,Low,0
3.46,0.27,1.0,0.0,0,75.0,0.47,13.0,5.0,1.24,15,21.0,6.0,82.0,62,66.3,Low,0
3.07,0.07,0.78,0.5,1,80.0,0.73,24.0,6.3,1.98,14,25.0,6.0,79.0,58,69.6,Low,0
3.13,-0.17,0.8,0.1,2,82.0,0.61,22.0,6.1,0.17,23,10.0,5.0,64.0,56,66.6,Medium,1
3.37,-0.25,0.92,0.16,0,75.0,0.41,18.0,5.4,1.42,35,0.0,10.0,87.0,69,64.8,Low,0
2.89,0.23,0.71,0.23,4,71.0,0.52,10.0,5.1,1.4,3,0.0,2.0,79.0,35,58.9,High,2
3.85,0.26,0.82,0.01,0,90.0,0.84,9.0,5.1,0.59,31,64.0,14.0,33.0,30,62.4,Low,0
3.38,0.1,0.85,0.12,0,72.0,0.68,25.0,5.6,0.82,0,46.0,10.0,58.0,36,66.7,Low,0
4.0,0.07,1.0,0.11,0,95.0,0.81,47.0,6.3,0.62,17,64.0,15.0,46.0,51,78.6,Low,0
2.88,0.1,0.72,0.26,1,64.0,0.48,11.0,5.2,1.49,16,10.0,5.0,95.0,41,57.3,Medium,1
3.66,0.01,0.69,0.2,1,84.0,0.76,37.0,5.3,1.3,15,51.0,15.0,53.0,30,68.8,Low,0
3.56,0.24,0.55,0.09,1,76.0,0.74,35.0,5.1,0.28,22,19.0,7.0,64.0,55,69.9,Low,0
4.0,0.45,0.92,0.12,0,95.0,0.88,46.0,5.5,1.12,28,91.0,18.0,26.0,50,73.8,Low,0
3.55,0.79,0.95,0.16,0,81.0,0.71,21.0,5.0,1.8,20,40.0,10.0,69.0,31,64.6,Low,0
2.71,-0.03,0.55,0.23,0,64.0,0.58,10.0,4.9,1.16,25,3.0,3.0,87.0,67,58.8,Medium,1
2.9,-0.1,0.66,0.34,3,74.0,0.76,24.0,6.1,0.9,13,21.0,8.0,46.0,45,64.5,High,2
3.31,-0.18,0.88,0.18,1,67.0,0.52,22.0,5.9,0.88,17,20.0,4.0,70.0,14,58.9,Medium,1
3.74,0.42,0.99,0.26,0,83.0,0.73,30.0,5.5,2.01,40,36.0,13.0,49.0,60,71.4,Low,0
3.33,-0.22,0.91,0.25,0,74.0,0.67,31.0,7.0,0.38,13,35.0,8.0,60.0,54,70.2,Low,0
3.38,-0.35,0.72,0.3,1,88.0,0.8,38.0,6.4,0.64,0,60.0,16.0,49.0,46,73.8,Low,0
3.53,0.04,0.87,0.25,0,82.0,0.61,30.0,6.1,1.05,18,11.0,7.0,67.0,50,70.3,Low,0
3.25,-0.61,0.56,0.33,0,64.0,0.56,32.0,6.1,0.65,5,5.0,2.0,80.0,74,71.8,Medium,1
3.64,0.33,0.89,0.16,0,78.0,0.76,31.0,5.5,1.22,19,43.0,15.0,41.0,25,65.7,Low,0
3.29,0.57,0.9,0.04,1,70.0,0.72,19.0,5.3,0.8,36,27.0,10.0,62.0,45,62.2,Low,0
3.46,-0.29,0.52,0.13,1,83.0,0.67,32.0,4.5,0.94,26,48.0,12.0,57.0,13,60.4,Medium,1
3.16,0.3,0.7,0.36,2,75.0,0.64,19.0,5.1,1.99,24,19.0,5.0,75.0,59,64.1,Medium,1
3.14,0.26,0.84,0.13,0,78.0,0.62,17.0,5.5,0.93,12,19.0,7.0,80.0,34,63.0,Low,0
4.0,0.48,0.86,0.01,0,94.0,0.82,42.0,4.4,1.37,27,72.0,17.0,41.0,57,75.3,Low,0
3.17,0.17,0.81,0.07,1,79.0,0.63,16.0,4.9,1.02,5,30.0,9.0,77.0,55,67.0,Low,0
3.68,-0.17,0.92,0.13,2,75.0,0.73,40.0,6.7,0.02,22,42.0,10.0,45.0,45,71.7,Medium,1
3.97,0.26,0.79,0.21,0,83.0,0.8,43.0,5.6,1.13,15,42.0,11.0,55.0,41,74.8,Low,0
3.68,0.47,0.63,0.37,0,91.0,0.89,35.0,4.3,2.61,14,65.0,14.0,25.0,48,72.1,Low,0
4.0,0.55,1.0,0.0,0,76.0,0.72,32.0,5.1,0.32,27,56.0,15.0,33.0,54,70.0,Low,0
3.57,0.02,0.74,0.12,0,80.0,0.64,30.0,5.1,0.97,0,30.0,11.0,74.0,52,72.3,Low,0
3.23,0.42,1.0,0.03,2,62.0,0.51,8.0,5.2,1.39,21,9.0,4.0,63.0,52,60.0,Medium,1
2.69,-0.36,0.82,0.34,2,63.0,0.48,9.0,6.2,1.31,9,18.0,4.0,74.0,58,59.0,High,2
3.41,-0.43,0.68,0.37,1,67.0,0.62,35.0,6.3,1.01,8,14.0,6.0,64.0,53,70.2,Medium,1
4.0,-0.07,0.83,0.19,0,90.0,0.91,57.0,5.5,0.15,26,72.0,14.0,39.0,56,76.4,Low,0
3.65,0.19,0.81,0.18,0,73.0,0.69,33.0,5.7,0.96,13,36.0,6.0,72.0,42,70.4,Low,0
3.39,-0.08,0.5,0.13,0,76.0,0.73,32.0,4.7,0.69,31,29.0,9.0,56.0,70,68.5,Low,0
3.07,0.3,0.87,0.31,2,75.0,0.57,10.0,5.1,2.27,10,18.0,8.0,61.0,51,61.7,Medium,1
3.7,0.23,0.81,0.3,0,92.0,0.77,37.0,5.8,1.44,7,41.0,11.0,54.0,64,78.3,Low,0
3.43,-0.2,0.62,0.33,0,92.0,0.77,35.0,5.4,1.43,21,49.0,13.0,39.0,69,73.0,Low,0
3.48,-0.06,0.78,0.18,1,82.0,0.64,30.0,5.6,0.93,27,32.0,11.0,62.0,66,69.4,Low,0
4.0,-0.11,0.73,0.44,0,82.0,0.82,49.0,5.7,2.01,14,67.0,16.0,31.0,35,71.7,Low,0
3.47,0.55,1.0,0.14,0,81.0,0.62,18.0,5.4,1.69,16,25.0,7.0,77.0,68,70.8,Low,0
4.0,0.06,0.83,0.33,0,92.0,0.91,53.0,5.9,1.58,0,83.0,21.0,38.0,24,75.1,Low,0
2.37,0.02,0.68,0.36,3,62.0,0.53,2.0,5.8,1.35,34,0.0,4.0,100.0,26,47.8,High,2
3.54,0.08,0.81,0.2,0,72.0,0.67,29.0,5.5,1.2,5,34.0,8.0,60.0,82,75.2,Low,0
3.83,-0.05,0.65,0.38,1,95.0,0.94,46.0,5.5,1.65,23,79.0,16.0,20.0,50,74.8,Low,0
3.29,0.49,0.79,0.15,1,79.0,0.75,7.0,5.2,1.13,38,35.0,14.0,54.0,57,60.3,Low,0
3.88,0.12,0.79,0.23,1,95.0,0.79,41.0,5.4,1.36,18,53.0,15.0,53.0,29,72.9,Low,0
3.47,-0.29,0.87,0.26,1,86.0,0.74,36.0,6.7,0.66,13,34.0,13.0,41.0,66,75.6,Low,0
3.35,0.07,0.85,0.4,0,77.0,0.71,29.0,6.4,1.5,29,21.0,8.0,76.0,31,65.3,Low,0
3.41,0.05,0.83,0.05,1,80.0,0.64,26.0,5.5,0.43,0,24.0,6.0,67.0,43,70.7,Low,0
3.76,-0.24,0.88,0.19,2,89.0,0.88,47.0,6.9,0.06,3,68.0,15.0,30.0,24,74.5,Medium,1
3.89,-0.34,0.66,0.4,0,89.0,0.84,52.0,6.2,1.12,0,66.0,14.0,36.0,32,74.8,Low,0
3.66,0.02,0.85,0.01,1,72.0,0.52,26.0,5.1,0.77,22,20.0,6.0,74.0,46,66.0,Low,0
3.35,0.18,0.89,0.2,0,81.0,0.64,21.0,5.4,1.46,29,29.0,8.0,68.0,68,68.0,Low,0
3.6,0.49,1.0,0.08,1,83.0,0.68,21.0,5.1,1.72,15,56.0,11.0,35.0,67,70.3,Low,0
3.51,-0.04,0.66,0.34,0,80.0,0.7,31.0,5.5,2.05,7,33.0,8.0,52.0,55,72.2,Low,0
3.23,0.07,0.89,0.11,1,61.0,0.53,17.0,5.6,0.88,29,12.0,6.0,96.0,77,64.9,Medium,1
3.53,0.1,0.56,0.5,1,73.0,0.81,41.0,6.0,1.58,16,23.0,10.0,56.0,65,73.8,Low,0
3.38,0.4,1.0,0.06,0,83.0,0.56,16.0,5.5,1.08,24,25.0,2.0,83.0,50,66.2,Low,0
3.33,0.3,0.92,0.0,0,75.0,0.53,13.0,4.6,1.17,11,11.0,5.0,60.0,71,67.6,Low,0
3.85,-0.23,0.77,0.15,0,89.0,0.82,45.0,5.6,0.73,14,72.0,18.0,24.0,26,70.6,Low,0
3.27,0.15,0.98,0.08,0,68.0,0.55,18.0,6.0,0.6,2,4.0,4.0,71.0,47,66.8,Low,0
4.0,-0.02,0.85,0.01,0,95.0,0.85,50.0,5.5,0.34,0,67.0,21.0,23.0,85,84.1,Low,0
3.08,-0.27,0.55,0.48,1,73.0,0.68,26.0,5.5,1.99,17,28.0,5.0,87.0,42,65.0,Medium,1
3.3,-0.32,0.53,0.47,0,78.0,0.7,33.0,5.5,1.76,10,26.0,6.0,66.0,62,71.8,Medium,1
3.21,0.08,0.93,0.26,2,70.0,0.55,14.0,5.5,2.21,12,31.0,6.0,49.0,38,60.9,Medium,1
3.28,0.17,1.0,0.12,0,76.0,0.47,12.0,5.6,1.4,11,12.0,2.0,72.0,65,67.0,Low,0
3.5,0.55,0.96,0.29,0,77.0,0.65,22.0,5.6,1.92,8,8.0,5.0,62.0,71,73.2,Low,0
3.25,-0.06,0.71,0.21,2,77.0,0.61,22.0,5.0,1.39,33,21.0,5.0,61.0,21,59.0,Medium,1
3.72,-0.03,0.74,0.29,1,95.0,0.7,29.0,5.3,1.64,16,46.0,7.0,59.0,75,76.6,Low,0
3.02,-0.22,0.8,0.33,0,68.0,0.52,16.0,5.5,1.62,27,14.0,6.0,88.0,57,60.8,Medium,1
4.0,0.33,0.96,0.02,0,93.0,0.78,45.0,5.0,1.15,19,66.0,12.0,45.0,63,79.1,Low,0
3.04,-0.25,0.86,0.22,1,74.0,0.62,20.0,6.1,0.89,10,33.0,11.0,62.0,59,65.9,Medium,1
3.61,0.38,0.88,0.19,0,82.0,0.68,26.0,5.0,1.76,11,37.0,6.0,56.0,63,72.9,Low,0
3.55,0.16,0.92,0.0,0,83.0,0.68,25.0,5.0,0.66,20,49.0,13.0,60.0,39,66.8,Low,0
3.17,-0.04,0.64,0.42,1,68.0,0.63,24.0,5.4,1.88,26,14.0,2.0,78.0,70,66.7,High,2
3.84,0.15,0.76,0.0,0,84.0,0.78,38.0,4.9,0.55,12,58.0,13.0,41.0,54,74.6,Low,0
3.81,0.47,0.93,0.16,0,82.0,0.64,23.0,4.1,2.41,28,49.0,14.0,51.0,48,65.7,Low,0
3.65,0.12,0.89,0.0,2,80.0,0.51,22.0,4.6,1.08,20,32.0,8.0,68.0,55,66.8,Medium,1
3.3,0.14,1.0,0.17,0,70.0,0.55,29.0,6.0,1.14,17,17.0,8.0,64.0,38,64.8,Low,0
3.08,0.17,0.78,0.38,1,73.0,0.63,17.0,5.6,1.96,24,13.0,5.0,83.0,70,66.1,Low,0
3.34,-0.12,0.93,0.24,0,80.0,0.47,18.0,5.5,1.73,11,21.0,5.0,74.0,48,65.7,Low,0
3.22,-0.01,0.93,0.36,0,89.0,0.78,28.0,6.7,1.25,6,40.0,11.0,53.0,48,72.7,Low,0
3.0,-0.33,0.5,0.44,2,64.0,0.65,27.0,5.8,1.25,13,18.0,2.0,82.0,42,63.2,High,2
3.34,0.12,0.79,0.01,1,74.0,0.74,28.0,5.8,0.0,11,36.0,12.0,57.0,56,69.2,Low,0
3.19,0.69,0.73,0.05,0,80.0,0.71,15.0,4.5,1.09,16,37.0,11.0,63.0,57,63.5,Low,0
3.85,0.39,0.95,0.23,0,89.0,0.76,34.0,5.5,1.73,34,50.0,12.0,54.0,37,70.5,Low,0
3.39,0.28,0.69,0.06,1,83.0,0.64,21.0,4.3,1.22,17,41.0,4.0,85.0,72,70.4,Low,0
3.65,0.14,0.8,0.08,0,92.0,0.72,31.0,5.1,0.99,0,53.0,17.0,51.0,49,73.3,Low,0
3.53,0.1,0.8,0.15,0,70.0,0.61,25.0,5.5,1.47,8,25.0,9.0,80.0,66,70.8,Low,0
3.69,-0.05,0.62,0.15,0,95.0,0.8,40.0,5.1,0.82,18,55.0,12.0,54.0,68,77.4,Low,0
3.64,0.32,0.88,0.09,0,89.0,0.83,34.0,5.7,0.67,16,61.0,15.0,44.0,58,74.2,Low,0
3.65,0.1,0.84,0.0,1,78.0,0.52,24.0,4.7,0.56,19,32.0,8.0,66.0,46,65.4,Low,0
2.95,0.1,1.0,0.12,2,72.0,0.46,0.0,5.8,1.64,2,0.0,1.0,100.0,51,61.1,High,2
3.58,-0.4,0.6,0.2,1,91.0,0.69,36.0,4.8,1.54,7,58.0,16.0,53.0,56,72.9,Medium,1
3.75,0.56,1.0,0.06,0,95.0,0.77,25.0,5.4,1.53,17,76.0,12.0,22.0,19,66.7,Low,0
3.49,-0.21,0.8,0.2,0,81.0,0.55,24.0,5.5,1.61,12,32.0,4.0,61.0,42,67.8,Low,0
2.78,-0.35,0.78,0.2,2,64.0,0.52,14.0,6.3,0.41,21,4.0,4.0,88.0,41,58.0,High,2
3.91,0.02,0.98,0.02,0,83.0,0.74,39.0,6.0,0.38,11,54.0,13.0,33.0,62,77.5,Low,0
3.8,0.67,1.0,0.0,0,81.0,0.64,22.0,4.7,1.16,12,35.0,9.0,57.0,33,67.6,Low,0
3.22,0.06,0.84,0.18,0,74.0,0.6,19.0,5.3,1.32,18,28.0,7.0,69.0,42,62.8,Low,0
3.38,0.14,0.84,0.19,1,80.0,0.67,26.0,5.9,0.92,35,23.0,8.0,56.0,45,65.3,Low,0
3.7,-0.06,0.72,0.0,1,82.0,0.57,28.0,4.2,0.91,9,32.0,11.0,56.0,64,71.3,Medium,1
3.56,0.1,0.61,0.19,1,82.0,0.7,32.0,3.427078586783356,1.32,9,39.0,10.0,55.0,43,68.4,Low,0
4.0,-0.76,0.5,0.33,0,76.0,0.77,59.0,6.0,0.5,16,39.0,11.0,56.0,67,76.8,Low,0
3.89,0.3,0.86,0.0,0,82.0,0.73,34.0,4.8,0.84,27,52.0,15.0,42.0,69,72.9,Low,0
3.41,0.17,0.8,0.04,0,78.0,0.71,27.0,5.6,0.3,28,26.0,10.0,60.0,59,68.0,Low,0
3.62,0.09,0.91,0.25,0,74.0,0.81,38.0,6.5,0.81,27,48.0,11.0,46.0,60,72.8,Low,0
3.38,0.21,0.92,0.25,0,81.0,0.7,23.0,5.6,1.69,15,51.0,6.0,49.0,48,67.9,Low,0
3.25,-0.78,0.57,0.47,0,75.0,0.7,39.0,6.6,0.85,33,34.0,12.0,75.0,62,69.3,Medium,1
3.1,0.01,0.7,0.13,2,67.0,0.63,22.0,5.8,0.28,9,14.0,3.0,78.0,45,64.6,High,2
3.0,0.29,0.85,0.16,0,76.0,0.58,10.0,5.1,1.49,16,18.0,6.0,77.0,45,60.9,Low,0
3.18,0.09,0.77,0.21,0,73.0,0.54,29.0,5.1,1.45,14,10.0,5.0,89.0,84,72.1,Low,0
3.64,-0.21,0.69,0.17,2,85.0,0.68,29.0,5.4,0.81,28,43.0,11.0,62.0,41,66.6,Medium,1
3.43,0.0,0.83,0.0,0,78.0,0.59,24.0,5.2,0.24,9,30.0,10.0,60.0,47,66.9,Low,0
3.74,0.28,1.0,0.03,0,79.0,0.55,24.0,5.5,1.19,22,38.0,10.0,65.0,55,68.0,Low,0
3.45,-0.36,0.68,0.2,0,72.0,0.75,39.0,6.3,1.15,14,45.0,10.0,57.0,36,68.9,Low,0
3.57,0.23,0.87,0.0,2,87.0,0.78,30.0,5.4,0.23,20,59.0,14.0,47.0,71,73.5,Low,0
3.93,-0.13,0.7,0.15,1,80.0,0.65,38.0,4.5,1.51,14,38.0,9.0,47.0,63,75.0,Low,0
3.51,-0.18,0.84,0.24,0,85.0,0.7,29.0,5.7,1.27,0,24.0,9.0,70.0,58,75.0,Low,0
4.0,0.16,1.0,0.01,0,73.0,0.63,34.0,5.5,0.87,11,53.0,14.0,51.0,55,72.5,Low,0
4.0,0.1,0.68,0.48,0,80.0,0.72,51.0,5.2,2.51,24,53.0,8.0,60.0,24,69.5,Low,0
2.93,-0.19,0.69,0.33,2,61.0,0.61,18.0,5.6,1.39,16,30.0,5.0,80.0,13,55.2,High,2
3.2,-0.37,0.68,0.28,0,78.0,0.63,25.0,5.5,1.45,2,45.0,9.0,58.0,28,64.2,Medium,1
2.88,0.38,0.87,0.04,0,76.0,0.71,15.0,6.3,0.0,0,17.0,6.0,70.0,33,64.1,Low,0
3.52,-0.21,0.78,0.29,0,76.0,0.59,31.0,5.9,1.27,21,23.0,6.0,70.0,52,68.8,Low,0
3.38,-0.6,0.62,0.5,0,77.0,0.76,42.0,6.7,1.24,12,46.0,11.0,50.0,38,69.6,Low,0
4.0,0.02,0.89,0.15,0,85.0,0.82,52.0,5.5,0.84,15,51.0,15.0,43.0,67,79.6,Low,0
3.82,0.15,0.97,0.12,0,90.0,0.64,30.0,5.2,1.52,30,44.0,13.0,55.0,60,71.6,Low,0
3.11,-0.02,0.86,0.27,1,77.0,0.74,25.0,6.6,0.69,6,26.0,8.0,59.0,39,68.1,Medium,1
3.98,0.1,0.8,0.18,0,93.0,0.92,48.0,5.4,0.99,5,70.0,16.0,31.0,79,83.7,Low,0
4.0,-0.15,0.73,0.25,0,84.0,0.7,47.0,5.7,1.04,17,34.0,14.0,55.0,81,78.8,Low,0
3.27,-0.23,0.8,0.38,0,71.0,0.74,32.0,6.6,1.06,3,46.0,10.0,62.0,17,65.7,Low,0
2.79,0.09,0.77,0.13,0,72.0,0.51,6.0,5.0,1.14,36,6.0,6.0,89.0,49,55.7,Medium,1
2.82,0.47,0.98,0.12,0,57.0,0.34,0.0,4.8,1.85,2,0.0,0.0,100.0,45,55.3,Medium,1
3.23,-0.07,0.81,0.24,0,70.0,0.64,23.0,5.8,1.1,20,29.0,5.0,51.0,70,67.3,Low,0
3.54,0.15,1.0,0.09,0,83.0,0.68,25.0,6.1,1.03,15,43.0,12.0,58.0,59,72.1,Low,0
3.06,0.12,0.64,0.38,1,70.0,0.63,20.0,5.4,1.75,24,4.0,3.0,73.0,67,64.8,Medium,1
3.58,0.42,1.0,0.2,0,78.0,0.5,16.0,5.2,0.3,30,32.0,6.0,65.0,62,64.5,Low,0
4.0,0.41,0.83,0.03,0,84.0,0.71,29.0,4.2,1.53,8,54.0,11.0,52.0,53,73.6,Low,0
3.9,0.15,0.67,0.46,0,95.0,1.0,53.0,6.0,1.64,10,63.0,19.0,25.0,58,79.4,Low,0
3.34,0.3,0.92,0.0,1,83.0,0.64,19.0,5.4,0.48,6,26.0,6.0,56.0,53,69.3,Low,0
3.38,0.39,0.76,0.43,0,69.0,0.67,23.0,5.2,2.51,21,9.0,6.0,60.0,51,65.3,Low,0
3.51,0.51,0.74,0.25,0,79.0,0.78,28.0,4.9,1.74,22,28.0,11.0,59.0,35,66.3,Low,0
3.79,-0.04,0.75,0.0,0,85.0,0.69,35.0,4.6,0.49,3,56.0,12.0,39.0,32,70.8,Low,0
3.68,-0.21,0.5,0.45,0,74.0,0.81,45.0,5.1,1.81,8,57.0,13.0,57.0,58,73.3,Low,0
3.16,0.04,0.94,0.06,2,73.0,0.49,7.0,5.4,0.94,36,38.0,4.0,84.0,64,60.1,Medium,1
3.43,-0.3,0.74,0.36,1,73.0,0.65,34.0,6.4,1.03,21,15.0,7.0,72.0,85,74.8,Low,0
3.69,-0.13,0.83,0.06,0,86.0,0.74,38.0,5.8,0.25,21,59.0,15.0,49.0,58,73.2,Low,0
4.0,0.17,0.92,0.26,0,85.0,0.86,52.0,6.3,1.09,31,55.0,17.0,45.0,75,78.2,Low,0
3.79,-0.47,0.86,0.25,1,84.0,0.59,37.0,5.6,1.47,14,52.0,14.0,60.0,16,67.2,Medium,1
3.33,0.33,1.0,0.21,1,76.0,0.64,20.0,6.2,1.33,13,23.0,8.0,58.0,43,66.1,Low,0
3.23,-0.46,0.62,0.43,1,76.0,0.79,38.0,6.5,0.88,8,46.0,11.0,77.0,78,76.5,Medium,1
3.93,0.16,0.52,0.21,0,81.0,0.74,40.0,4.0,1.72,27,46.0,15.0,38.0,50,68.8,Low,0
