t,state,Focused,Fatigue,Anxiety,Boredom,p_sleepy
14.58,Focused,0.6115,0.1659,0.0982,0.1244,0.3541
14.81,Focused,0.5038,0.3659,0.0621,0.0682,0.3654
15.10,Focused,0.5144,0.2806,0.0909,0.1142,0.3371
15.30,Focused,0.5362,0.2570,0.0829,0.1239,0.2654
15.49,Focused,0.5097,0.2221,0.0885,0.1797,0.2790
15.69,Focused,0.5579,0.2383,0.0578,0.1460,0.3820
15.89,Focused,0.4420,0.3847,0.0473,0.1261,0.2866
16.09,Focused,0.4788,0.3773,0.0472,0.0968,0.2445
16.28,Focused,0.4485,0.3684,0.0550,0.1282,0.1980
16.47,Focused,0.5125,0.2358,0.0644,0.1873,0.2800
16.68,Focused,0.4156,0.3514,0.0568,0.1762,0.2535
16.87,Fatigue,0.3072,0.4986,0.0495,0.1448,0.2801
17.06,Fatigue,0.3318,0.5398,0.0419,0.0865,0.2570
17.27,Fatigue,0.3679,0.5008,0.0502,0.0811,0.2610
17.46,Fatigue,0.4429,0.4496,0.0484,0.0592,0.2417
17.66,Fatigue,0.4023,0.4904,0.0486,0.0587,0.1845
17.86,Focused,0.4788,0.3752,0.0492,0.0969,0.2031
18.06,Focused,0.4508,0.3741,0.0495,0.1256,0.2821
18.25,Fatigue,0.4102,0.4235,0.0452,0.1212,0.2499
18.45,Focused,0.4448,0.3862,0.0766,0.0924,0.2777
18.65,Focused,0.4798,0.3670,0.0757,0.0775,0.2407
18.84,Focused,0.4704,0.3955,0.0722,0.0618,0.2537
19.03,Focused,0.4457,0.4237,0.0543,0.0763,0.3011
19.24,Focused,0.4715,0.3977,0.0527,0.0781,0.2618
19.43,Focused,0.5181,0.2735,0.0745,0.1339,0.3042
19.63,Focused,0.5343,0.2919,0.0537,0.1200,0.2978
19.83,Focused,0.5074,0.3093,0.0652,0.1181,0.2123
20.02,Focused,0.5754,0.2864,0.0545,0.0837,0.3131
20.22,Focused,0.6353,0.2270,0.0580,0.0797,0.2534
20.62,Focused,0.6600,0.1075,0.0759,0.1567,0.1987
21.03,Focused,0.6791,0.0910,0.0671,0.1628,0.2693
21.30,Focused,0.6893,0.0896,0.0677,0.1534,0.2912
21.50,Focused,0.7043,0.0951,0.0650,0.1356,0.2834
21.70,Focused,0.7031,0.1115,0.0603,0.1251,0.2771
21.90,Focused,0.7020,0.1276,0.0591,0.1113,0.2968
22.09,Focused,0.6803,0.1259,0.0619,0.1319,0.3084
22.30,Focused,0.6773,0.1116,0.0671,0.1440,0.3328
22.49,Focused,0.6885,0.1034,0.0643,0.1439,0.2616
23.67,Focused,0.6132,0.1806,0.0596,0.1466,0.2373
23.87,Focused,0.6215,0.1860,0.0587,0.1338,0.2856
24.06,Focused,0.6386,0.1794,0.0580,0.1240,0.2745
24.27,Focused,0.5389,0.3197,0.0461,0.0952,0.2585
24.46,Focused,0.5397,0.3306,0.0400,0.0897,0.2382
24.65,Focused,0.4878,0.3708,0.0440,0.0973,0.2271
24.84,Focused,0.4954,0.3666,0.0501,0.0879,0.2074
25.05,Focused,0.4544,0.4317,0.0453,0.0685,0.2162
25.24,Focused,0.4587,0.4305,0.0497,0.0610,0.1832
25.43,Focused,0.4863,0.3711,0.0483,0.0943,0.2316
25.64,Fatigue,0.3435,0.5164,0.0450,0.0951,0.2744
25.83,Fatigue,0.2880,0.5617,0.0333,0.1170,0.3190
26.02,Fatigue,0.3152,0.5441,0.0349,0.1058,0.3647
26.24,Fatigue,0.3763,0.4766,0.0376,0.1094,0.3718
26.43,Focused,0.4270,0.4143,0.0447,0.1140,0.2954
26.62,Fatigue,0.3385,0.5102,0.0376,0.1136,0.3179
26.83,Focused,0.4418,0.3473,0.0531,0.1579,0.2985
27.02,Fatigue,0.3443,0.4973,0.0388,0.1196,0.3212
27.21,Fatigue,0.3456,0.5066,0.0383,0.1095,0.3416
27.40,Fatigue,0.2706,0.6274,0.0233,0.0787,0.3354
27.61,Fatigue,0.2763,0.6319,0.0217,0.0701,0.3037
27.80,Fatigue,0.3345,0.5731,0.0213,0.0711,0.3543
27.99,Fatigue,0.4180,0.4792,0.0276,0.0752,0.3271
28.20,Fatigue,0.3805,0.5300,0.0231,0.0665,0.3842
28.39,Focused,0.4443,0.4148,0.0390,0.1019,0.3008
28.59,Fatigue,0.3473,0.5326,0.0320,0.0882,0.3498
28.79,Focused,0.4318,0.4300,0.0373,0.1010,0.3683
28.98,Fatigue,0.2545,0.6741,0.0214,0.0500,0.3760
29.18,Fatigue,0.2688,0.6596,0.0244,0.0471,0.3720
29.38,Fatigue,0.3167,0.5890,0.0320,0.0622,0.3483
29.57,Focused,0.4773,0.3918,0.0427,0.0883,0.3066
29.77,Focused,0.5372,0.2868,0.0537,0.1223,0.3296
29.96,Focused,0.5091,0.3131,0.0532,0.1246,0.3878
30.17,Fatigue,0.3942,0.4431,0.0521,0.1107,0.3580
30.36,Fatigue,0.3597,0.5221,0.0416,0.0767,0.2874
30.55,Fatigue,0.3508,0.5326,0.0368,0.0798,0.3264
30.76,Focused,0.4354,0.4263,0.0343,0.1040,0.3646
30.95,Fatigue,0.3689,0.5059,0.0273,0.0979,0.3437
31.15,Fatigue,0.3377,0.5611,0.0250,0.0762,0.2817
31.35,Fatigue,0.3762,0.5098,0.0305,0.0835,0.3358
31.54,Focused,0.5166,0.3162,0.0485,0.1187,0.3545
31.74,Focused,0.5753,0.2030,0.0624,0.1593,0.3338
31.95,Fatigue,0.4025,0.4360,0.0457,0.1158,0.3639
32.14,Fatigue,0.2997,0.5631,0.0332,0.1039,0.3481
32.33,Fatigue,0.2623,0.6323,0.0247,0.0807,0.3185
32.52,Fatigue,0.4135,0.4447,0.0337,0.1081,0.3928
32.73,Focused,0.4561,0.4097,0.0329,0.1013,0.3934
32.92,Focused,0.5077,0.3396,0.0396,0.1132,0.3824
33.11,Fatigue,0.3785,0.5061,0.0300,0.0855,0.4648
33.32,Fatigue,0.2991,0.5780,0.0297,0.0932,0.3835
33.51,Fatigue,0.3152,0.5778,0.0281,0.0789,0.4320
33.71,Fatigue,0.3091,0.5851,0.0285,0.0772,0.3787
33.91,Fatigue,0.4097,0.4967,0.0280,0.0657,0.3189
34.11,Fatigue,0.2698,0.6643,0.0161,0.0499,0.3906
34.30,Fatigue,0.2847,0.6398,0.0200,0.0555,0.3615
34.50,Fatigue,0.1474,0.8011,0.0145,0.0370,0.3632
34.71,Fatigue,0.2105,0.7212,0.0184,0.0500,0.3485
34.98,Fatigue,0.1876,0.7533,0.0146,0.0444,0.3379
35.19,Fatigue,0.2012,0.7365,0.0149,0.0473,0.3638
35.39,Fatigue,0.1734,0.7578,0.0145,0.0543,0.3388
35.57,Fatigue,0.1692,0.7613,0.0146,0.0548,0.3768
35.80,Fatigue,0.1896,0.7293,0.0182,0.0630,0.3435
36.07,Fatigue,0.1340,0.8162,0.0126,0.0372,0.3771
36.26,Fatigue,0.2964,0.5814,0.0290,0.0932,0.4154
36.48,Fatigue,0.4120,0.4149,0.0408,0.1323,0.3783
36.67,Focused,0.4534,0.3575,0.0458,0.1432,0.4265
36.86,Focused,0.4516,0.3798,0.0412,0.1274,0.3890
37.06,Fatigue,0.3388,0.5441,0.0286,0.0886,0.4229
37.26,Fatigue,0.3611,0.5347,0.0227,0.0816,0.3971
37.45,Fatigue,0.2336,0.7067,0.0116,0.0482,0.3856
37.64,Fatigue,0.2392,0.6942,0.0120,0.0545,0.3277
37.85,Fatigue,0.2582,0.6280,0.0230,0.0908,0.4037
38.04,Fatigue,0.2350,0.6565,0.0216,0.0869,0.3836
38.24,Fatigue,0.2425,0.6656,0.0195,0.0725,0.4279
38.44,Fatigue,0.3195,0.5774,0.0263,0.0768,0.3698
38.63,Focused,0.4723,0.3493,0.0441,0.1343,0.4107
38.83,Focused,0.4431,0.3782,0.0442,0.1345,0.4101
39.03,Fatigue,0.3269,0.5376,0.0341,0.1014,0.3642
39.22,Fatigue,0.3434,0.5461,0.0359,0.0745,0.3762
39.42,Fatigue,0.2910,0.5893,0.0391,0.0807,0.3650
39.62,Fatigue,0.2555,0.6325,0.0345,0.0774,0.3531
39.82,Fatigue,0.0833,0.8295,0.0167,0.0705,0.3333
40.01,Fatigue,0.2466,0.6070,0.0231,0.1234,0.4592
40.20,Fatigue,0.2681,0.5172,0.0211,0.1936,0.3691
40.41,Focused,0.4334,0.2853,0.0427,0.2386,0.3864
40.61,Fatigue,0.3063,0.4528,0.0346,0.2062,0.3603
40.90,Focused,0.4565,0.3245,0.0504,0.1686,0.2723
41.10,Fatigue,0.2781,0.6030,0.0266,0.0922,0.3649
41.29,Fatigue,0.2456,0.6736,0.0238,0.0569,0.3357
41.48,Fatigue,0.0754,0.9077,0.0066,0.0103,0.3000
41.69,Fatigue,0.0677,0.9168,0.0060,0.0094,0.3013
41.88,Fatigue,0.1888,0.7522,0.0164,0.0426,0.3371
42.08,Fatigue,0.2755,0.5946,0.0241,0.1058,0.3113
42.28,Fatigue,0.3419,0.4960,0.0294,0.1327,0.3541
42.47,Fatigue,0.3836,0.4455,0.0297,0.1411,0.3402
42.67,Fatigue,0.4032,0.4113,0.0333,0.1522,0.3025
42.88,Focused,0.4159,0.3577,0.0339,0.1925,0.2971
43.17,Fatigue,0.2981,0.5169,0.0234,0.1615,0.3606
43.47,Fatigue,0.2151,0.6678,0.0133,0.1038,0.3090
43.66,Fatigue,0.1623,0.7796,0.0126,0.0456,0.3385
43.85,Fatigue,0.2101,0.6722,0.0226,0.0951,0.3507
44.05,Fatigue,0.1883,0.6928,0.0230,0.0959,0.3501
44.25,Fatigue,0.1716,0.7138,0.0192,0.0954,0.3610
44.45,Fatigue,0.1761,0.7285,0.0160,0.0794,0.2924
44.76,Fatigue,0.1828,0.7308,0.0154,0.0710,0.3209
45.04,Fatigue,0.2395,0.6587,0.0202,0.0816,0.3005
45.23,Fatigue,0.2086,0.6889,0.0194,0.0831,0.2875
45.44,Fatigue,0.3368,0.4624,0.0449,0.1558,0.2385
45.63,Fatigue,0.2851,0.5087,0.0492,0.1570,0.2531
45.82,Fatigue,0.3263,0.4523,0.0554,0.1660,0.2444
46.02,Fatigue,0.1770,0.6809,0.0353,0.1069,0.2940
46.21,Fatigue,0.1879,0.6876,0.0288,0.0957,0.2839
46.41,Fatigue,0.1803,0.6778,0.0302,0.1118,0.3106
46.60,Fatigue,0.2805,0.5213,0.0448,0.1534,0.2213
46.81,Focused,0.3788,0.3477,0.0620,0.2115,0.2670
47.00,Focused,0.4785,0.2607,0.0691,0.1917,0.3193
47.19,Focused,0.5635,0.1847,0.0688,0.1830,0.2871
47.40,Focused,0.6485,0.1082,0.0685,0.1748,0.2504
47.59,Focused,0.6275,0.1286,0.0664,0.1775,0.2820
47.79,Focused,0.5497,0.2487,0.0507,0.1509,0.3651
47.99,Focused,0.4911,0.3008,0.0497,0.1584,0.2928
48.18,Focused,0.5236,0.3055,0.0446,0.1263,0.2878
48.38,Focused,0.5953,0.1981,0.0577,0.1489,0.2760
48.58,Focused,0.6661,0.1601,0.0544,0.1195,0.3143
48.77,Focused,0.6414,0.1681,0.0551,0.1354,0.3212
48.97,Focused,0.6418,0.2009,0.0440,0.1133,0.3227
49.16,Focused,0.5673,0.3037,0.0391,0.0898,0.2661
49.37,Focused,0.5813,0.2916,0.0392,0.0880,0.2983
49.56,Focused,0.5515,0.3005,0.0471,0.1010,0.2910
49.75,Focused,0.5634,0.2288,0.0538,0.1539,0.2463
49.96,Fatigue,0.3916,0.4318,0.0418,0.1348,0.3559
50.15,Fatigue,0.3379,0.5087,0.0379,0.1156,0.3250
50.35,Fatigue,0.3514,0.5542,0.0289,0.0655,0.3463
50.55,Focused,0.5212,0.3635,0.0369,0.0783,0.3449
50.74,Focused,0.4910,0.4017,0.0361,0.0713,0.4563
50.94,Fatigue,0.3351,0.5814,0.0283,0.0551,0.3813
51.15,Fatigue,0.3104,0.6135,0.0352,0.0409,0.3439
51.34,Fatigue,0.3411,0.5791,0.0416,0.0381,0.3476
51.53,Focused,0.4525,0.4419,0.0546,0.0510,0.3748
51.72,Fatigue,0.3912,0.5186,0.0478,0.0425,0.3954
51.93,Fatigue,0.2912,0.6487,0.0346,0.0255,0.3175
52.12,Fatigue,0.3013,0.6017,0.0340,0.0630,0.4800
52.31,Fatigue,0.4001,0.4437,0.0448,0.1114,0.4660
52.52,Focused,0.5944,0.1884,0.0603,0.1569,0.2753
52.71,Focused,0.6668,0.0997,0.0702,0.1632,0.3307
57.43,Focused,0.6575,0.1086,0.0711,0.1628,0.3026
57.64,Focused,0.6618,0.0962,0.0716,0.1704,0.3979
58.02,Focused,0.6321,0.1337,0.0772,0.1570,0.2803
58.23,Focused,0.5981,0.2012,0.0748,0.1260,0.3075
58.42,Focused,0.5855,0.1909,0.0850,0.1386,0.3796
59.02,Focused,0.6692,0.0847,0.0700,0.1762,0.4401
59.99,Focused,0.6628,0.0868,0.0712,0.1791,0.4895
62.17,Focused,0.6572,0.0846,0.0750,0.1832,0.3970
62.76,Focused,0.6639,0.0832,0.0728,0.1801,0.2759
62.95,Focused,0.6030,0.1097,0.0867,0.2006,0.3000
64.33,Fatigue,0.3242,0.5104,0.0597,0.1057,0.3363
64.73,Focused,0.4168,0.2757,0.0433,0.2642,0.3151
64.92,Focused,0.3679,0.2316,0.0642,0.3362,0.2738
65.11,Boredom,0.3362,0.2410,0.0769,0.3460,0.3132
65.32,Boredom,0.2670,0.2599,0.0894,0.3837,0.2720
65.51,Boredom,0.2546,0.3211,0.0891,0.3352,0.3711
65.71,Fatigue,0.2046,0.4261,0.0689,0.3004,0.3271
65.91,Fatigue,0.1920,0.5559,0.0493,0.2027,0.3217
66.10,Fatigue,0.1303,0.6858,0.0319,0.1520,0.3085
66.30,Fatigue,0.1188,0.7380,0.0373,0.1059,0.3396
66.49,Fatigue,0.1348,0.6741,0.0499,0.1412,0.3039
66.70,Fatigue,0.1688,0.5389,0.0630,0.2292,0.2953
66.89,Fatigue,0.1860,0.5223,0.0630,0.2287,0.3626
67.08,Fatigue,0.1668,0.5351,0.0596,0.2385,0.2924
67.29,Fatigue,0.1297,0.6493,0.0567,0.1643,0.3831
67.48,Fatigue,0.1647,0.5629,0.0775,0.1948,0.2954
67.68,Fatigue,0.2239,0.4346,0.1069,0.2346,0.2408
67.88,Fatigue,0.2248,0.4553,0.1026,0.2172,0.2818
68.07,Fatigue,0.2286,0.4089,0.1100,0.2525,0.3532
68.26,Fatigue,0.1372,0.6380,0.0694,0.1554,0.3219
68.47,Fatigue,0.1432,0.6360,0.0679,0.1530,0.2583
68.67,Fatigue,0.1315,0.7398,0.0373,0.0914,0.3405
68.86,Fatigue,0.1304,0.7509,0.0346,0.0840,0.3175
69.05,Fatigue,0.1133,0.8023,0.0223,0.0620,0.3904
69.26,Fatigue,0.0549,0.9003,0.0106,0.0342,0.3332
69.45,Fatigue,0.1176,0.7662,0.0287,0.0875,0.3656
69.64,Fatigue,0.1617,0.6966,0.0344,0.1073,0.3712
69.85,Fatigue,0.1705,0.6301,0.0468,0.1526,0.4219
70.04,Fatigue,0.1655,0.6659,0.0420,0.1266,0.3266
70.23,Fatigue,0.1159,0.7421,0.0353,0.1068,0.2920
70.44,Fatigue,0.1939,0.6521,0.0349,0.1191,0.3309
70.63,Fatigue,0.1224,0.7670,0.0215,0.0892,0.3617
70.82,Fatigue,0.1780,0.6652,0.0317,0.1252,0.2816
71.03,Fatigue,0.1109,0.7888,0.0216,0.0787,0.3342
71.23,Fatigue,0.1397,0.7175,0.0355,0.1073,0.3459
71.42,Fatigue,0.1121,0.7413,0.0337,0.1129,0.3383
71.72,Fatigue,0.1323,0.7166,0.0363,0.1148,0.3697
71.91,Fatigue,0.1330,0.7228,0.0352,0.1090,0.3377
72.10,Fatigue,0.1169,0.7557,0.0365,0.0909,0.3566
72.31,Fatigue,0.1198,0.7409,0.0403,0.0990,0.3482
72.50,Fatigue,0.1690,0.6760,0.0420,0.1130,0.3064
72.70,Fatigue,0.2615,0.4971,0.0700,0.1715,0.3831
72.89,Fatigue,0.2305,0.5598,0.0601,0.1497,0.3167
73.10,Fatigue,0.2202,0.5648,0.0587,0.1563,0.3756
73.39,Fatigue,0.1088,0.8001,0.0219,0.0692,0.3538
73.59,Fatigue,0.1674,0.6783,0.0414,0.1130,0.3396
73.79,Fatigue,0.1702,0.5632,0.0664,0.2003,0.2654
73.98,Fatigue,0.2773,0.3793,0.0852,0.2582,0.3742
74.17,Fatigue,0.2336,0.4724,0.0718,0.2222,0.2963
74.38,Fatigue,0.2940,0.5080,0.0492,0.1488,0.3326
74.57,Fatigue,0.3537,0.4268,0.0511,0.1684,0.3914
74.76,Focused,0.4712,0.2236,0.0719,0.2333,0.3629
74.97,Focused,0.4795,0.1533,0.0964,0.2708,0.2858
75.17,Focused,0.4535,0.1812,0.0978,0.2676,0.3563
75.36,Focused,0.4642,0.1808,0.0929,0.2621,0.3511
75.56,Focused,0.4672,0.1925,0.0846,0.2557,0.3834
75.75,Focused,0.4601,0.1494,0.0964,0.2941,0.3623
75.95,Focused,0.4712,0.1287,0.0998,0.3003,0.3978
76.16,Focused,0.4979,0.1862,0.0853,0.2307,0.3485
76.35,Focused,0.5134,0.2618,0.0692,0.1556,0.2994
76.54,Fatigue,0.3705,0.5190,0.0424,0.0681,0.3328
76.73,Fatigue,0.2402,0.6831,0.0262,0.0505,0.3390
76.93,Fatigue,0.3247,0.6079,0.0253,0.0420,0.3043
81.28,Focused,0.6261,0.1027,0.0744,0.1969,0.3269
81.46,Focused,0.5844,0.1803,0.0712,0.1640,0.3025
81.66,Focused,0.5974,0.1609,0.0733,0.1684,0.2194
81.85,Focused,0.6136,0.1605,0.0715,0.1544,0.2992
82.06,Focused,0.5772,0.1988,0.0716,0.1523,0.3202
82.25,Focused,0.5553,0.2619,0.0685,0.1143,0.3037
82.44,Focused,0.5300,0.3077,0.0703,0.0921,0.3241
82.65,Focused,0.5894,0.2377,0.0697,0.1032,0.2717
82.84,Focused,0.6035,0.1823,0.0727,0.1415,0.2786
83.03,Focused,0.6249,0.1371,0.0738,0.1643,0.3430
83.24,Focused,0.5474,0.2452,0.0695,0.1379,0.2804
83.44,Focused,0.5517,0.2655,0.0623,0.1204,0.3155
83.73,Focused,0.4621,0.3907,0.0566,0.0905,0.3380
83.93,Focused,0.4707,0.3851,0.0567,0.0875,0.3003
84.12,Fatigue,0.4187,0.4428,0.0593,0.0792,0.3621
84.31,Focused,0.4329,0.4036,0.0640,0.0995,0.3929
84.53,Focused,0.5116,0.3002,0.0741,0.1142,0.3823
84.72,Focused,0.5681,0.2206,0.0794,0.1320,0.4071
85.00,Focused,0.6371,0.1335,0.0836,0.1459,0.3575
85.21,Focused,0.6218,0.1580,0.0740,0.1462,0.3484
85.40,Focused,0.6273,0.1623,0.0711,0.1393,0.3941
85.60,Focused,0.6174,0.2079,0.0606,0.1141,0.3558
85.80,Focused,0.6343,0.1692,0.0656,0.1309,0.3151
85.99,Focused,0.6375,0.1623,0.0675,0.1327,0.3619
86.19,Focused,0.6451,0.1235,0.0758,0.1556,0.3731
86.38,Focused,0.6414,0.1291,0.0778,0.1517,0.4130
86.59,Focused,0.5841,0.2326,0.0616,0.1218,0.4256
86.81,Focused,0.5561,0.2943,0.0506,0.0990,0.3884
87.09,Focused,0.4939,0.3743,0.0469,0.0848,0.3144
87.27,Fatigue,0.3614,0.5149,0.0437,0.0800,0.3973
87.47,Fatigue,0.3020,0.5561,0.0472,0.0948,0.3692
87.77,Fatigue,0.3072,0.5707,0.0362,0.0859,0.4021
87.96,Fatigue,0.3184,0.5623,0.0346,0.0848,0.3868
88.16,Fatigue,0.3490,0.5450,0.0317,0.0743,0.3525
88.36,Fatigue,0.3921,0.4610,0.0460,0.1010,0.3188
88.56,Focused,0.5720,0.2137,0.0672,0.1471,0.3821
88.87,Focused,0.6358,0.1191,0.0753,0.1697,0.2760
89.15,Focused,0.6611,0.0955,0.0739,0.1695,0.2567
89.44,Focused,0.6649,0.0948,0.0715,0.1687,0.3399
89.64,Focused,0.6571,0.1212,0.0701,0.1515,0.3660
89.84,Focused,0.6492,0.1257,0.0710,0.1541,0.2662
90.13,Focused,0.6523,0.1272,0.0719,0.1486,0.2798
90.33,Focused,0.6646,0.1005,0.0723,0.1626,0.3045
90.63,Focused,0.6708,0.0946,0.0723,0.1623,0.3055
90.92,Focused,0.6669,0.0917,0.0723,0.1691,0.3237
91.12,Focused,0.6654,0.0898,0.0728,0.1720,0.2628
91.30,Focused,0.6644,0.0977,0.0695,0.1684,0.2596
92.69,Focused,0.6712,0.1127,0.0693,0.1468,0.1987
93.68,Focused,0.6704,0.0819,0.0714,0.1762,0.4128
93.96,Focused,0.6154,0.1333,0.0644,0.1869,0.4200
94.17,Focused,0.6266,0.1213,0.0673,0.1849,0.3788
94.47,Focused,0.6154,0.1245,0.0697,0.1904,0.2584
94.77,Focused,0.5183,0.2690,0.0695,0.1432,0.2937
95.07,Focused,0.5151,0.2691,0.0697,0.1461,0.3504
95.34,Focused,0.4408,0.3778,0.0635,0.1179,0.3022
95.55,Focused,0.4795,0.3164,0.0648,0.1393,0.3317
95.84,Fatigue,0.3275,0.5191,0.0509,0.1025,0.2637
96.05,Fatigue,0.3203,0.5332,0.0451,0.1013,0.3504
96.34,Fatigue,0.2445,0.6457,0.0374,0.0724,0.2814
96.62,Fatigue,0.3569,0.5291,0.0404,0.0736,0.2789
96.82,Fatigue,0.2443,0.6785,0.0329,0.0443,0.3786
97.02,Fatigue,0.2971,0.6103,0.0391,0.0535,0.3237
97.21,Fatigue,0.2416,0.6688,0.0496,0.0400,0.3419
97.42,Fatigue,0.2524,0.6462,0.0610,0.0404,0.3198
97.61,Fatigue,0.2134,0.6648,0.0791,0.0428,0.3027
97.90,Fatigue,0.2071,0.6848,0.0728,0.0353,0.2394
98.10,Fatigue,0.3509,0.5129,0.0791,0.0572,0.2931
98.30,Focused,0.4484,0.4258,0.0649,0.0609,0.2784
98.62,Fatigue,0.3804,0.5029,0.0511,0.0656,0.3662
101.25,Focused,0.6699,0.0824,0.0713,0.1764,0.4401
101.45,Focused,0.6701,0.0821,0.0713,0.1765,0.4523
101.64,Focused,0.6700,0.0921,0.0694,0.1685,0.4024
101.85,Focused,0.6698,0.0943,0.0689,0.1670,0.4576
102.04,Focused,0.6735,0.0981,0.0670,0.1614,0.4178
102.24,Focused,0.6731,0.0892,0.0688,0.1689,0.4822
102.44,Focused,0.6778,0.0910,0.0672,0.1640,0.4258
102.63,Focused,0.6743,0.0890,0.0685,0.1682,0.3938
102.83,Focused,0.6754,0.1046,0.0630,0.1570,0.4730
103.02,Focused,0.6700,0.1059,0.0632,0.1609,0.4692
112.28,Focused,0.6704,0.0820,0.0712,0.1764,0.5261
112.69,Focused,0.6703,0.0820,0.0713,0.1765,0.4666
113.07,Focused,0.6706,0.0825,0.0710,0.1759,0.5340
113.47,Focused,0.6706,0.0827,0.0710,0.1757,0.4413
113.66,Focused,0.6705,0.0824,0.0711,0.1760,0.3641
114.05,Focused,0.6704,0.0821,0.0713,0.1763,0.3421
114.44,Focused,0.6704,0.0819,0.0713,0.1764,0.3581
115.24,Focused,0.6703,0.0820,0.0713,0.1765,0.3626
115.43,Focused,0.6704,0.0820,0.0713,0.1764,0.3416
115.62,Focused,0.6703,0.0820,0.0713,0.1764,0.4330
116.62,Focused,0.6703,0.0819,0.0713,0.1765,0.3696
116.81,Focused,0.6703,0.0820,0.0713,0.1765,0.3143
117.00,Focused,0.6703,0.0820,0.0713,0.1765,0.4095
117.40,Focused,0.6702,0.0819,0.0713,0.1766,0.3759
117.60,Focused,0.6702,0.0819,0.0713,0.1766,0.3419
117.79,Focused,0.6703,0.0819,0.0713,0.1765,0.4168
118.19,Focused,0.6704,0.0820,0.0713,0.1764,0.4549
122.90,Focused,0.6710,0.0823,0.0711,0.1756,0.3992
123.71,Focused,0.6704,0.0820,0.0713,0.1763,0.3585
123.90,Focused,0.6703,0.0820,0.0713,0.1764,0.3682
124.09,Focused,0.6703,0.0820,0.0713,0.1764,0.3721
124.30,Focused,0.6703,0.0820,0.0713,0.1764,0.4614
124.59,Focused,0.6703,0.0820,0.0713,0.1764,0.3219
124.78,Focused,0.6703,0.0819,0.0713,0.1764,0.4222
124.98,Focused,0.6703,0.0819,0.0713,0.1765,0.3362
125.18,Focused,0.6703,0.0819,0.0713,0.1765,0.3633
125.38,Focused,0.6702,0.0819,0.0713,0.1766,0.3518
125.58,Focused,0.6702,0.0819,0.0713,0.1766,0.3919
125.77,Focused,0.6703,0.0819,0.0713,0.1765,0.3852
125.96,Focused,0.6703,0.0819,0.0713,0.1765,0.3914
126.17,Focused,0.6702,0.0819,0.0713,0.1765,0.3092
126.51,Focused,0.6702,0.0819,0.0713,0.1766,0.3818
126.75,Focused,0.6702,0.0819,0.0713,0.1766,0.3869
126.95,Focused,0.6702,0.0819,0.0713,0.1766,0.3667
127.15,Focused,0.6703,0.0819,0.0713,0.1765,0.3707
127.45,Focused,0.6703,0.0819,0.0713,0.1765,0.3660
127.64,Focused,0.6704,0.0820,0.0713,0.1763,0.3571
127.84,Focused,0.6706,0.0820,0.0714,0.1761,0.3761
128.02,Focused,0.6705,0.0819,0.0714,0.1761,0.2970
128.24,Focused,0.6704,0.0819,0.0713,0.1764,0.3631
128.52,Focused,0.6702,0.0819,0.0713,0.1766,0.3347
128.73,Focused,0.6702,0.0819,0.0713,0.1766,0.3596
128.92,Focused,0.6702,0.0819,0.0713,0.1766,0.3606
129.11,Focused,0.6702,0.0819,0.0713,0.1766,0.3871
129.31,Focused,0.6706,0.0820,0.0713,0.1761,0.3233
129.51,Focused,0.6706,0.0820,0.0713,0.1761,0.3576
129.70,Focused,0.6706,0.0820,0.0713,0.1761,0.3695
129.90,Focused,0.6702,0.0819,0.0713,0.1766,0.3783
130.10,Focused,0.6702,0.0819,0.0713,0.1766,0.3999
130.30,Focused,0.6702,0.0819,0.0713,0.1766,0.3775
130.49,Focused,0.6702,0.0819,0.0713,0.1765,0.3070
130.69,Focused,0.6702,0.0819,0.0713,0.1766,0.3234
130.89,Focused,0.6702,0.0819,0.0713,0.1765,0.3761
131.08,Focused,0.6703,0.0819,0.0713,0.1765,0.3242
131.29,Focused,0.6703,0.0819,0.0713,0.1765,0.3449
131.48,Focused,0.6703,0.0819,0.0713,0.1765,0.4008
131.67,Focused,0.6702,0.0819,0.0713,0.1766,0.3549
131.86,Focused,0.6702,0.0819,0.0713,0.1766,0.3689
132.07,Focused,0.6703,0.0819,0.0713,0.1765,0.3533
132.27,Focused,0.6703,0.0819,0.0713,0.1765,0.3841
132.46,Focused,0.6702,0.0819,0.0713,0.1765,0.3660
132.66,Focused,0.6702,0.0819,0.0713,0.1766,0.3230
132.86,Focused,0.6702,0.0819,0.0713,0.1766,0.3782
133.05,Focused,0.6702,0.0819,0.0713,0.1766,0.3401
133.26,Focused,0.6702,0.0819,0.0713,0.1766,0.3261
133.45,Focused,0.6702,0.0819,0.0713,0.1766,0.3781
133.64,Focused,0.6702,0.0819,0.0713,0.1766,0.3547
141.32,Focused,0.6833,0.1277,0.1090,0.0800,0.3315
141.53,Focused,0.6769,0.1049,0.0902,0.1280,0.3354
145.25,Focused,0.6692,0.1558,0.0454,0.1297,0.4227
145.46,Focused,0.6667,0.1308,0.0581,0.1444,0.4194
145.65,Focused,0.6448,0.1525,0.0632,0.1396,0.2340
145.85,Focused,0.6435,0.1294,0.0722,0.1549,0.3060
146.05,Focused,0.6359,0.1324,0.0711,0.1606,0.2698
146.25,Focused,0.6216,0.1499,0.0700,0.1585,0.2312
146.44,Focused,0.5167,0.2955,0.0638,0.1239,0.2550
146.65,Fatigue,0.3587,0.5187,0.0504,0.0722,0.3116
146.84,Fatigue,0.3512,0.5122,0.0486,0.0881,0.2929
147.03,Fatigue,0.3976,0.4437,0.0546,0.1041,0.2638
147.22,Focused,0.4562,0.3325,0.0701,0.1413,0.2648
147.44,Focused,0.4406,0.3696,0.0703,0.1195,0.2232
147.63,Focused,0.4942,0.2954,0.0709,0.1395,0.2444
147.91,Focused,0.5864,0.2200,0.0650,0.1286,0.2464
148.12,Focused,0.6089,0.1812,0.0711,0.1389,0.2801
148.32,Focused,0.5832,0.2116,0.0795,0.1257,0.2687
148.52,Focused,0.5905,0.1707,0.0875,0.1513,0.2865
148.72,Focused,0.6215,0.1366,0.0891,0.1528,0.3004
148.91,Focused,0.6471,0.1194,0.0810,0.1525,0.2563
149.10,Focused,0.6390,0.1476,0.0772,0.1362,0.3167
149.30,Focused,0.6047,0.1926,0.0764,0.1263,0.2530
149.50,Focused,0.5025,0.3293,0.0701,0.0981,0.2917
149.69,Focused,0.4924,0.3357,0.0752,0.0967,0.2616
149.90,Focused,0.5121,0.3139,0.0742,0.0998,0.2280
150.09,Focused,0.6022,0.2007,0.0801,0.1170,0.2638
150.28,Focused,0.4416,0.4241,0.0544,0.0799,0.2579
150.47,Fatigue,0.3026,0.6191,0.0325,0.0458,0.3162
150.68,Fatigue,0.2424,0.6792,0.0315,0.0470,0.3189
150.87,Fatigue,0.3731,0.5125,0.0449,0.0695,0.2826
151.06,Focused,0.4737,0.3753,0.0579,0.0931,0.3153
151.27,Focused,0.4848,0.3720,0.0537,0.0894,0.2559
151.46,Focused,0.5151,0.3277,0.0583,0.0989,0.3220
151.66,Fatigue,0.4167,0.4448,0.0494,0.0891,0.2458
151.87,Focused,0.4777,0.3651,0.0531,0.1041,0.2355
152.06,Focused,0.4686,0.3700,0.0562,0.1051,0.2758
152.25,Focused,0.5460,0.2779,0.0643,0.1118,0.3312
152.46,Focused,0.4551,0.4084,0.0536,0.0828,0.2471
152.65,Focused,0.4407,0.4245,0.0508,0.0840,0.2678
152.84,Focused,0.5139,0.3305,0.0542,0.1014,0.2898
153.03,Focused,0.4607,0.4009,0.0493,0.0891,0.2752
153.24,Focused,0.5042,0.3406,0.0524,0.1028,0.2749
153.43,Focused,0.4426,0.4221,0.0484,0.0870,0.2751
153.63,Focused,0.5395,0.2724,0.0630,0.1252,0.3242
153.84,Fatigue,0.3456,0.5345,0.0428,0.0771,0.2542
154.03,Fatigue,0.2893,0.6064,0.0349,0.0694,0.2879
154.32,Fatigue,0.2742,0.6294,0.0327,0.0637,0.2641
154.52,Fatigue,0.3977,0.4543,0.0503,0.0976,0.2661
154.72,Fatigue,0.3086,0.5708,0.0418,0.0788,0.3097
155.02,Fatigue,0.2960,0.5860,0.0402,0.0778,0.2612
155.21,Fatigue,0.3027,0.5895,0.0374,0.0705,0.2722
155.40,Fatigue,0.3521,0.5174,0.0500,0.0805,0.2378
155.59,Fatigue,0.2826,0.6151,0.0457,0.0567,0.3078
155.81,Fatigue,0.1597,0.7764,0.0314,0.0325,0.2718
156.09,Fatigue,0.2252,0.6977,0.0333,0.0438,0.2617
156.30,Fatigue,0.3590,0.5230,0.0453,0.0727,0.2920
156.49,Focused,0.5034,0.3375,0.0603,0.0989,0.3007
156.68,Focused,0.5930,0.2084,0.0703,0.1283,0.2829
156.88,Focused,0.5704,0.2160,0.0709,0.1427,0.3062
157.08,Focused,0.6174,0.1486,0.0753,0.1587,0.3176
157.27,Focused,0.5880,0.1686,0.0767,0.1667,0.3279
157.47,Focused,0.5633,0.2142,0.0774,0.1452,0.2735
157.67,Focused,0.5189,0.2307,0.0847,0.1657,0.2733
157.86,Focused,0.5080,0.2337,0.0919,0.1664,0.2738
158.06,Focused,0.4922,0.2356,0.0897,0.1826,0.3014
158.26,Focused,0.4905,0.2712,0.0862,0.1521,0.3111
158.46,Focused,0.5009,0.2726,0.0768,0.1498,0.3283
158.65,Focused,0.5592,0.2364,0.0714,0.1330,0.3895
158.86,Focused,0.5563,0.2451,0.0680,0.1305,0.3150
159.05,Focused,0.5739,0.2244,0.0701,0.1316,0.3184
159.24,Focused,0.5385,0.2272,0.0802,0.1542,0.3012
159.44,Focused,0.5888,0.1532,0.0808,0.1772,0.2566
159.64,Focused,0.5870,0.1409,0.0883,0.1838,0.3468
159.83,Focused,0.5720,0.0960,0.0992,0.2328,0.3466
160.02,Focused,0.4385,0.2312,0.1069,0.2234,0.3378
160.23,Focused,0.3315,0.3257,0.1012,0.2416,0.3446
160.42,Fatigue,0.3221,0.3858,0.0884,0.2038,0.3984
160.62,Focused,0.3920,0.2910,0.0793,0.2377,0.2859
160.83,Focused,0.4159,0.2240,0.0747,0.2854,0.2854
161.02,Focused,0.4092,0.2133,0.0709,0.3066,0.3116
161.21,Focused,0.4223,0.1838,0.0727,0.3212,0.3911
161.42,Focused,0.4529,0.2039,0.0742,0.2691,0.3896
161.61,Focused,0.5200,0.1673,0.0807,0.2320,0.3687
161.80,Focused,0.4901,0.2248,0.0756,0.2096,0.3720
161.99,Focused,0.4939,0.2332,0.0747,0.1982,0.3494
162.20,Focused,0.4713,0.2688,0.0571,0.2029,0.4167
162.39,Focused,0.4421,0.3474,0.0480,0.1625,0.3829
162.59,Focused,0.4664,0.2961,0.0518,0.1857,0.3481
162.79,Focused,0.4505,0.2804,0.0682,0.2009,0.4252
162.99,Focused,0.4667,0.2308,0.0807,0.2218,0.3456
163.18,Focused,0.4243,0.2883,0.0713,0.2162,0.3231
163.38,Focused,0.4320,0.2631,0.0705,0.2345,0.3536
163.58,Focused,0.4350,0.2162,0.0735,0.2754,0.3352
163.77,Focused,0.4423,0.1851,0.0790,0.2936,0.3120
163.98,Focused,0.4056,0.2162,0.0794,0.2988,0.3679
164.17,Focused,0.4484,0.1765,0.0799,0.2951,0.3753
164.36,Focused,0.4634,0.1660,0.0915,0.2791,0.4003
164.56,Focused,0.4990,0.1405,0.0888,0.2717,0.3780
164.76,Focused,0.5035,0.1350,0.0933,0.2682,0.3808
164.95,Focused,0.4860,0.1448,0.0856,0.2836,0.4108
165.15,Focused,0.5076,0.1712,0.0792,0.2421,0.3998
165.35,Focused,0.5097,0.1788,0.0742,0.2373,0.3682
165.55,Focused,0.5044,0.2185,0.0693,0.2078,0.4307
165.84,Focused,0.4288,0.2185,0.0794,0.2733,0.4005
166.04,Focused,0.3973,0.2167,0.0931,0.2930,0.4364
166.23,Focused,0.4164,0.1660,0.1143,0.3033,0.3759
166.63,Focused,0.4106,0.3027,0.0886,0.1981,0.3849
166.83,Fatigue,0.3164,0.4589,0.0760,0.1487,0.4559
167.12,Fatigue,0.3599,0.3800,0.0858,0.1742,0.4013
167.32,Fatigue,0.3143,0.4189,0.0967,0.1701,0.4307
167.51,Focused,0.4103,0.2755,0.1079,0.2063,0.4478
167.70,Focused,0.3682,0.3174,0.1170,0.1974,0.3990
167.92,Focused,0.4080,0.3143,0.0976,0.1800,0.4978
168.10,Fatigue,0.3441,0.3964,0.1010,0.1584,0.4098
168.30,Focused,0.3779,0.3384,0.1013,0.1825,0.3867
168.51,Focused,0.3924,0.2566,0.1280,0.2231,0.4027
168.70,Focused,0.4026,0.2224,0.1315,0.2435,0.4463
168.98,Focused,0.3376,0.3241,0.1294,0.2089,0.4040
169.20,Fatigue,0.2786,0.4565,0.1066,0.1582,0.3844
169.39,Fatigue,0.2780,0.4464,0.1018,0.1739,0.3996
169.58,Fatigue,0.3502,0.3699,0.0865,0.1935,0.3968
171.16,Focused,0.6641,0.0997,0.0712,0.1650,0.3430
171.35,Fatigue,0.3991,0.4543,0.0424,0.1042,0.3722
171.54,Focused,0.4324,0.4219,0.0455,0.1002,0.2562
171.77,Focused,0.4313,0.4179,0.0469,0.1039,0.3066
172.04,Focused,0.5731,0.2325,0.0643,0.1301,0.2979
172.23,Focused,0.4807,0.3195,0.0675,0.1323,0.2923
172.44,Fatigue,0.3030,0.5290,0.0589,0.1092,0.3281
172.63,Fatigue,0.2470,0.5744,0.0659,0.1127,0.2486
172.83,Fatigue,0.1754,0.6954,0.0478,0.0814,0.2398
173.04,Fatigue,0.1659,0.7297,0.0422,0.0622,0.2870
173.23,Fatigue,0.0850,0.8409,0.0358,0.0383,0.2854
173.42,Fatigue,0.1286,0.7714,0.0447,0.0553,0.2711
173.63,Fatigue,0.1320,0.7724,0.0459,0.0497,0.2933
173.91,Fatigue,0.1088,0.8180,0.0348,0.0383,0.2427
174.11,Fatigue,0.1503,0.7644,0.0404,0.0449,0.1919
174.31,Fatigue,0.1271,0.8058,0.0305,0.0366,0.3040
174.50,Fatigue,0.1286,0.8010,0.0313,0.0391,0.3161
174.70,Fatigue,0.0608,0.9019,0.0185,0.0188,0.2553
174.90,Fatigue,0.1108,0.8080,0.0356,0.0456,0.2848
175.10,Fatigue,0.0924,0.8452,0.0259,0.0364,0.3224
175.29,Fatigue,0.1431,0.7602,0.0369,0.0598,0.2635
175.50,Fatigue,0.2559,0.6234,0.0464,0.0743,0.2075
175.69,Fatigue,0.3404,0.4533,0.0669,0.1393,0.2304
175.88,Fatigue,0.2919,0.5270,0.0663,0.1149,0.2554
176.07,Fatigue,0.1819,0.6544,0.0502,0.1135,0.2202
176.28,Fatigue,0.1620,0.7100,0.0579,0.0701,0.2781
176.47,Fatigue,0.3168,0.4785,0.0752,0.1295,0.2506
176.66,Focused,0.4684,0.3177,0.0860,0.1279,0.2055
176.87,Focused,0.4516,0.3558,0.0662,0.1263,0.3284
177.06,Focused,0.4693,0.3281,0.0609,0.1416,0.3966
177.26,Focused,0.4512,0.3235,0.0731,0.1523,0.4110
177.47,Focused,0.6259,0.1076,0.0802,0.1863,0.4391
178.04,Focused,0.5563,0.2019,0.0881,0.1537,0.4821
179.03,Fatigue,0.3488,0.5192,0.0310,0.1010,0.4424
179.23,Fatigue,0.2845,0.5674,0.0507,0.0974,0.2246
179.43,Fatigue,0.3806,0.4238,0.0612,0.1344,0.2342
179.63,Fatigue,0.3945,0.4123,0.0656,0.1275,0.3255
180.03,Focused,0.6702,0.0819,0.0713,0.1766,0.4319
180.23,Focused,0.6344,0.1186,0.0842,0.1627,0.2169
180.50,Focused,0.5940,0.1630,0.0883,0.1546,0.1972
180.72,Focused,0.5039,0.2588,0.0949,0.1425,0.2373
180.90,Focused,0.4643,0.2955,0.0929,0.1473,0.2286
181.10,Focused,0.4539,0.2921,0.0904,0.1635,0.2094
181.31,Focused,0.5441,0.1963,0.0839,0.1757,0.4799
181.50,Focused,0.6076,0.1351,0.0773,0.1800,0.4672
182.28,Focused,0.6702,0.0819,0.0713,0.1766,0.4026
182.48,Focused,0.6702,0.0819,0.0713,0.1766,0.4484
182.68,Focused,0.6702,0.0819,0.0713,0.1766,0.4421
182.88,Focused,0.6102,0.1157,0.0791,0.1950,0.2179
183.16,Focused,0.5490,0.1791,0.0838,0.1880,0.2454
183.37,Focused,0.4211,0.3346,0.0792,0.1651,0.2362
183.56,Focused,0.4172,0.3573,0.0827,0.1427,0.2519
183.75,Focused,0.4336,0.3389,0.0866,0.1408,0.2448
183.96,Focused,0.5051,0.2368,0.1080,0.1500,0.2644
184.15,Focused,0.4820,0.2541,0.1056,0.1583,0.2275
184.35,Focused,0.4982,0.2272,0.1049,0.1697,0.2416
184.55,Focused,0.5302,0.2068,0.0934,0.1695,0.2391
184.75,Focused,0.5677,0.1604,0.0932,0.1787,0.2280
184.94,Focused,0.5431,0.2017,0.0927,0.1624,0.2046
185.14,Focused,0.4984,0.2693,0.0851,0.1472,0.1906
185.34,Fatigue,0.3671,0.4661,0.0659,0.1009,0.2114
185.53,Fatigue,0.3864,0.4551,0.0655,0.0930,0.3445
185.72,Focused,0.4548,0.3644,0.0675,0.1133,0.2898
185.93,Focused,0.6660,0.1402,0.0759,0.1180,0.3256
186.12,Focused,0.7056,0.1091,0.0650,0.1202,0.2736
186.31,Focused,0.7123,0.1031,0.0652,0.1194,0.2313
186.52,Focused,0.6895,0.1080,0.0685,0.1339,0.2927
186.71,Focused,0.6981,0.0944,0.0709,0.1367,0.2571
186.90,Focused,0.7018,0.1026,0.0711,0.1245,0.3135
187.11,Focused,0.7200,0.0979,0.0712,0.1109,0.2513
187.31,Focused,0.7089,0.0993,0.0770,0.1148,0.2853
187.49,Focused,0.7253,0.0886,0.0772,0.1089,0.2627
187.71,Focused,0.7257,0.0941,0.0703,0.1099,0.2486
187.90,Focused,0.7468,0.0884,0.0673,0.0975,0.2774
188.09,Focused,0.7422,0.0929,0.0673,0.0976,0.3077
188.28,Focused,0.7295,0.0840,0.0786,0.1079,0.2869
188.49,Focused,0.7106,0.0959,0.0829,0.1105,0.2875
188.68,Focused,0.7078,0.0918,0.0865,0.1139,0.2830
188.87,Focused,0.7157,0.1017,0.0862,0.0964,0.2140
189.27,Focused,0.7315,0.0935,0.0712,0.1038,0.2992
189.46,Focused,0.7273,0.0857,0.0730,0.1141,0.2925
189.67,Focused,0.7255,0.1133,0.0706,0.0906,0.2871
189.86,Focused,0.7258,0.1156,0.0738,0.0848,0.3362
190.05,Focused,0.7290,0.1335,0.0734,0.0640,0.2603
190.27,Focused,0.7358,0.1264,0.0734,0.0645,0.2919
190.46,Focused,0.7386,0.1234,0.0676,0.0704,0.2691
190.65,Focused,0.7300,0.1167,0.0677,0.0856,0.3019
190.84,Focused,0.7217,0.0983,0.0742,0.1058,0.2361
191.05,Focused,0.7376,0.1108,0.0668,0.0848,0.2721
191.24,Focused,0.7372,0.1350,0.0591,0.0687,0.3118
191.43,Focused,0.7474,0.1370,0.0519,0.0637,0.2756
191.64,Focused,0.7308,0.1358,0.0600,0.0734,0.3273
191.83,Focused,0.7462,0.1040,0.0686,0.0813,0.2896
192.03,Focused,0.7716,0.1045,0.0655,0.0584,0.2826
192.23,Focused,0.7824,0.1024,0.0619,0.0533,0.2744
192.43,Focused,0.7922,0.0973,0.0603,0.0502,0.3229
192.62,Focused,0.7686,0.0903,0.0673,0.0738,0.3119
192.82,Focused,0.7557,0.0857,0.0725,0.0861,0.3330
193.01,Focused,0.7395,0.0899,0.0729,0.0977,0.2801
193.21,Focused,0.7076,0.1195,0.0701,0.1027,0.2039
193.40,Focused,0.6687,0.1375,0.0698,0.1240,0.2573
193.61,Focused,0.6044,0.1965,0.0727,0.1264,0.3330
193.81,Focused,0.5756,0.2205,0.0721,0.1318,0.1925
193.99,Focused,0.5848,0.2100,0.0744,0.1307,0.2586
194.20,Focused,0.5807,0.2123,0.0692,0.1378,0.2434
194.39,Focused,0.5492,0.2332,0.0701,0.1475,0.2347
194.59,Focused,0.5297,0.2461,0.0717,0.1525,0.2719
194.79,Focused,0.5600,0.2429,0.0610,0.1361,0.2353
194.99,Focused,0.6064,0.1899,0.0623,0.1414,0.2645
195.18,Focused,0.6338,0.1680,0.0574,0.1409,0.1980
195.39,Focused,0.6338,0.1599,0.0603,0.1460,0.1902
195.58,Focused,0.6459,0.1469,0.0605,0.1467,0.1926
195.77,Focused,0.6372,0.1573,0.0623,0.1432,0.2633
195.96,Focused,0.6458,0.1143,0.0726,0.1673,0.2562
196.17,Focused,0.6325,0.1199,0.0752,0.1723,0.2473
196.36,Focused,0.6345,0.1168,0.0748,0.1739,0.2102
196.55,Focused,0.6110,0.1661,0.0705,0.1524,0.2938
196.76,Focused,0.6288,0.1621,0.0691,0.1400,0.2193
196.95,Focused,0.6141,0.1654,0.0739,0.1465,0.3360
197.14,Focused,0.6481,0.1437,0.0761,0.1322,0.2826
197.35,Focused,0.6482,0.1528,0.0760,0.1231,0.3358
197.55,Focused,0.6511,0.1767,0.0705,0.1017,0.2674
197.74,Focused,0.6479,0.1489,0.0723,0.1309,0.2377
197.95,Focused,0.6344,0.1482,0.0741,0.1434,0.2890
198.14,Focused,0.6266,0.1274,0.0787,0.1673,0.3396
198.63,Focused,0.6206,0.1072,0.0814,0.1908,0.2909
198.83,Focused,0.6391,0.1113,0.0770,0.1727,0.2804
199.22,Focused,0.5830,0.1918,0.0857,0.1395,0.2759
199.42,Focused,0.6157,0.1569,0.0780,0.1493,0.2745
199.71,Focused,0.6047,0.1825,0.0751,0.1377,0.2754
199.92,Focused,0.6227,0.1756,0.0698,0.1319,0.2711
200.11,Focused,0.5687,0.2439,0.0725,0.1149,0.3323
200.30,Focused,0.5717,0.2170,0.0737,0.1375,0.2595
200.50,Focused,0.4669,0.3609,0.0642,0.1081,0.2880
200.70,Focused,0.4981,0.3480,0.0589,0.0951,0.2778
201.88,Focused,0.6741,0.0883,0.0719,0.1657,0.2892
202.07,Focused,0.5906,0.2131,0.0673,0.1289,0.2723
202.27,Focused,0.5221,0.3091,0.0588,0.1100,0.2263
202.48,Fatigue,0.3138,0.5903,0.0366,0.0593,0.2656
202.86,Focused,0.6498,0.1360,0.0634,0.1507,0.1877
203.26,Focused,0.6714,0.1384,0.0632,0.1270,0.2616
204.04,Focused,0.4771,0.3996,0.0492,0.0741,0.2404
204.44,Focused,0.6515,0.1517,0.0710,0.1258,0.2263
204.63,Focused,0.6535,0.1560,0.0659,0.1246,0.2306
204.83,Focused,0.6596,0.1344,0.0677,0.1383,0.2659
205.03,Focused,0.6632,0.1469,0.0643,0.1256,0.2126
205.23,Focused,0.6809,0.1346,0.0683,0.1161,0.2710
205.42,Focused,0.6722,0.1531,0.0749,0.0998,0.2156
205.63,Focused,0.6884,0.1243,0.0759,0.1114,0.2332
205.82,Focused,0.6757,0.1107,0.0754,0.1382,0.2152
206.01,Focused,0.6844,0.0894,0.0688,0.1574,0.3407
206.20,Focused,0.6709,0.0823,0.0714,0.1753,0.2989
206.41,Focused,0.6770,0.0867,0.0706,0.1658,0.3307
206.60,Focused,0.6950,0.1104,0.0652,0.1294,0.3907
209.75,Focused,0.6724,0.0835,0.0724,0.1717,0.3339
209.95,Focused,0.6699,0.0840,0.0728,0.1733,0.2779
210.16,Focused,0.6484,0.0871,0.0802,0.1844,0.2999
210.35,Focused,0.6462,0.0879,0.0804,0.1854,0.3048
210.53,Focused,0.6186,0.1137,0.0820,0.1858,0.2546
222.15,Focused,0.6703,0.0821,0.0716,0.1761,0.3526
222.36,Focused,0.6700,0.0827,0.0721,0.1752,0.2763
222.55,Focused,0.6701,0.0824,0.0719,0.1756,0.2745
222.75,Focused,0.6707,0.0867,0.0742,0.1685,0.3511
222.95,Focused,0.6719,0.0876,0.0739,0.1667,0.3010
223.14,Focused,0.6719,0.0876,0.0739,0.1666,0.2842
223.34,Focused,0.6716,0.0833,0.0716,0.1735,0.2651
223.53,Focused,0.6706,0.0821,0.0716,0.1757,0.2406
223.73,Focused,0.6706,0.0820,0.0716,0.1758,0.2392
223.93,Focused,0.6703,0.0823,0.0717,0.1758,0.3290
224.12,Focused,0.6703,0.0824,0.0716,0.1758,0.2726
224.33,Focused,0.6705,0.0824,0.0717,0.1755,0.3156
224.52,Focused,0.6708,0.0820,0.0716,0.1756,0.2630
224.71,Focused,0.6723,0.0825,0.0722,0.1730,0.3237
224.92,Focused,0.6721,0.0825,0.0720,0.1733,0.2995
225.11,Focused,0.6719,0.0827,0.0721,0.1732,0.3136
225.30,Focused,0.6710,0.0883,0.0743,0.1664,0.2560
225.51,Focused,0.6711,0.0884,0.0743,0.1661,0.3156
225.70,Focused,0.6713,0.0891,0.0749,0.1647,0.3045
225.90,Focused,0.6712,0.0832,0.0721,0.1735,0.3153
226.29,Focused,0.6638,0.0866,0.0732,0.1765,0.3028
226.89,Focused,0.6710,0.0829,0.0732,0.1730,0.3697
227.27,Focused,0.6711,0.0821,0.0717,0.1752,0.3276
227.67,Focused,0.6710,0.0858,0.0722,0.1710,0.2927
227.86,Focused,0.6712,0.0843,0.0721,0.1724,0.2920
228.07,Focused,0.6710,0.0835,0.0719,0.1736,0.2993
228.26,Focused,0.6709,0.0824,0.0716,0.1750,0.2958
228.46,Focused,0.6714,0.0828,0.0714,0.1744,0.3779
228.65,Focused,0.6717,0.0830,0.0715,0.1738,0.3575
228.86,Focused,0.6709,0.0845,0.0725,0.1722,0.3484
229.05,Focused,0.6701,0.0841,0.0723,0.1734,0.3686
229.83,Focused,0.6702,0.0820,0.0713,0.1765,0.5021
230.04,Focused,0.6702,0.0820,0.0713,0.1766,0.4968
230.23,Focused,0.6702,0.0819,0.0713,0.1766,0.5409
230.42,Focused,0.6702,0.0819,0.0713,0.1766,0.4862
230.63,Focused,0.6703,0.0821,0.0714,0.1763,0.5360
230.82,Focused,0.6704,0.0821,0.0713,0.1762,0.5105
231.01,Focused,0.6702,0.0822,0.0713,0.1763,0.5614
233.58,Focused,0.6702,0.0819,0.0713,0.1766,0.3729
233.77,Focused,0.6702,0.0819,0.0713,0.1766,0.4991
233.98,Focused,0.6702,0.0821,0.0715,0.1762,0.3862
234.17,Focused,0.6703,0.0822,0.0716,0.1759,0.3885
234.36,Focused,0.6745,0.0867,0.0715,0.1672,0.3112
234.57,Focused,0.6748,0.0881,0.0714,0.1657,0.4092
234.76,Focused,0.6745,0.0883,0.0715,0.1657,0.3804
234.96,Focused,0.6715,0.0849,0.0715,0.1720,0.4263
235.16,Focused,0.6713,0.0834,0.0715,0.1739,0.3894
235.36,Focused,0.6715,0.0832,0.0715,0.1738,0.3311
235.55,Focused,0.6696,0.0822,0.0717,0.1765,0.3855
235.76,Focused,0.6695,0.0823,0.0717,0.1765,0.3395
235.95,Focused,0.6693,0.0822,0.0716,0.1768,0.4147
236.14,Focused,0.6701,0.0821,0.0714,0.1764,0.3026
236.33,Focused,0.6703,0.0820,0.0713,0.1764,0.2761
236.54,Focused,0.6703,0.0820,0.0713,0.1763,0.3543
236.73,Focused,0.6703,0.0820,0.0713,0.1764,0.4419
236.92,Focused,0.6702,0.0819,0.0713,0.1765,0.4100
237.13,Focused,0.6706,0.0820,0.0714,0.1761,0.3973
237.32,Focused,0.6718,0.0820,0.0716,0.1745,0.4129
237.52,Focused,0.6724,0.0821,0.0718,0.1737,0.4466
237.72,Focused,0.6724,0.0821,0.0718,0.1737,0.3947
237.91,Focused,0.6712,0.0821,0.0716,0.1750,0.4033
238.11,Focused,0.6719,0.0819,0.0722,0.1740,0.4726
238.31,Focused,0.6716,0.0819,0.0721,0.1744,0.3479
238.70,Focused,0.6647,0.0833,0.0764,0.1756,0.4004
239.10,Focused,0.6702,0.0818,0.0718,0.1763,0.3974
239.29,Focused,0.6706,0.0819,0.0718,0.1757,0.4666
239.48,Focused,0.6717,0.0821,0.0718,0.1745,0.4640
239.69,Focused,0.6721,0.0822,0.0716,0.1741,0.4600
239.88,Focused,0.6723,0.0823,0.0716,0.1738,0.4817
240.07,Focused,0.6713,0.0821,0.0715,0.1751,0.4334
240.29,Focused,0.6717,0.0821,0.0714,0.1749,0.4256
240.57,Focused,0.6716,0.0821,0.0713,0.1751,0.4857
240.76,Focused,0.6725,0.0825,0.0712,0.1738,0.4364
240.97,Focused,0.6752,0.0836,0.0713,0.1699,0.4559
241.16,Focused,0.6766,0.0838,0.0713,0.1683,0.4322
241.35,Focused,0.6765,0.0834,0.0716,0.1685,0.4713
241.56,Focused,0.6750,0.0825,0.0718,0.1706,0.4928
241.75,Focused,0.6738,0.0823,0.0720,0.1719,0.4419
241.94,Focused,0.6738,0.0826,0.0717,0.1719,0.4479
242.14,Focused,0.6743,0.0829,0.0712,0.1716,0.4359
242.35,Focused,0.6747,0.0833,0.0711,0.1709,0.4145
242.54,Focused,0.6764,0.0835,0.0714,0.1687,0.4583
242.73,Focused,0.6750,0.0833,0.0715,0.1702,0.4332
242.94,Focused,0.6855,0.0828,0.0728,0.1588,0.4684
243.13,Focused,0.6862,0.0830,0.0726,0.1582,0.4265
243.32,Focused,0.6858,0.0828,0.0726,0.1588,0.4437
243.53,Focused,0.6746,0.0828,0.0713,0.1712,0.4534
243.72,Focused,0.6716,0.0821,0.0713,0.1750,0.4583
243.91,Focused,0.6714,0.0823,0.0713,0.1751,0.4326
244.12,Focused,0.6710,0.0822,0.0713,0.1755,0.4665
244.32,Focused,0.6720,0.0827,0.0713,0.1741,0.4214
244.50,Focused,0.6715,0.0825,0.0714,0.1746,0.4578
244.70,Focused,0.6715,0.0825,0.0714,0.1747,0.4707
244.91,Focused,0.6705,0.0820,0.0713,0.1762,0.4457
245.10,Focused,0.6723,0.0825,0.0711,0.1740,0.4590
245.29,Focused,0.6734,0.0829,0.0709,0.1728,0.4470
245.50,Focused,0.6767,0.0835,0.0706,0.1693,0.4511
245.69,Focused,0.6780,0.0842,0.0704,0.1674,0.4547
245.88,Focused,0.6780,0.0842,0.0707,0.1671,0.4388
246.09,Focused,0.6771,0.0847,0.0709,0.1673,0.4656
246.29,Focused,0.6744,0.0836,0.0712,0.1708,0.4730
246.48,Focused,0.6733,0.0832,0.0712,0.1723,0.4880
246.69,Focused,0.6707,0.0822,0.0713,0.1758,0.4764
246.97,Focused,0.6723,0.0824,0.0716,0.1737,0.4447
247.17,Focused,0.6728,0.0826,0.0716,0.1731,0.4337
247.39,Focused,0.6728,0.0826,0.0716,0.1729,0.4629
247.66,Focused,0.6717,0.0827,0.0714,0.1742,0.4580
248.65,Focused,0.6710,0.0821,0.0711,0.1758,0.4385
248.85,Focused,0.6719,0.0823,0.0709,0.1748,0.4299
249.04,Focused,0.6719,0.0823,0.0710,0.1748,0.4448
249.24,Focused,0.6721,0.0824,0.0711,0.1743,0.4302
249.43,Focused,0.6722,0.0824,0.0717,0.1738,0.4279
249.62,Focused,0.6742,0.0825,0.0718,0.1716,0.4399
249.82,Focused,0.6820,0.0821,0.0725,0.1634,0.4447
250.02,Focused,0.6814,0.0820,0.0722,0.1644,0.4369
250.22,Focused,0.6794,0.0821,0.0725,0.1659,0.4557
250.52,Focused,0.6713,0.0825,0.0718,0.1744,0.4644
250.72,Focused,0.6728,0.0830,0.0717,0.1724,0.5034
250.91,Focused,0.6745,0.0838,0.0718,0.1699,0.4755
251.21,Focused,0.6748,0.0839,0.0717,0.1696,0.4588
251.40,Focused,0.6738,0.0840,0.0719,0.1703,0.4594
251.59,Focused,0.6725,0.0831,0.0714,0.1730,0.4572
251.80,Focused,0.6765,0.0841,0.0711,0.1684,0.5025
252.00,Focused,0.6764,0.0837,0.0709,0.1689,0.4847
252.28,Focused,0.6778,0.0842,0.0710,0.1670,0.4733
252.49,Focused,0.6751,0.0833,0.0712,0.1705,0.4536
252.69,Focused,0.6742,0.0831,0.0713,0.1714,0.4584
252.87,Focused,0.6720,0.0823,0.0712,0.1745,0.3904
253.08,Focused,0.6702,0.0820,0.0713,0.1765,0.4239
253.27,Focused,0.6372,0.1826,0.0583,0.1219,0.2817
253.47,Focused,0.6169,0.1830,0.0738,0.1264,0.4188
253.77,Focused,0.5744,0.2282,0.0831,0.1143,0.4882
254.70,Focused,0.7223,0.2022,0.0295,0.0460,0.3799
255.14,Fatigue,0.2678,0.7069,0.0149,0.0104,0.3532
255.34,Fatigue,0.1522,0.8313,0.0103,0.0063,0.3971
255.53,Fatigue,0.3247,0.6450,0.0136,0.0166,0.3205
256.12,Focused,0.6902,0.2485,0.0292,0.0320,0.3987
256.33,Focused,0.6339,0.3153,0.0224,0.0283,0.3781
256.52,Focused,0.6603,0.2793,0.0216,0.0388,0.3584
256.71,Focused,0.5637,0.3829,0.0193,0.0342,0.4657
256.92,Focused,0.5666,0.3809,0.0191,0.0335,0.3746
257.11,Focused,0.6006,0.3585,0.0208,0.0201,0.3418
257.31,Focused,0.7535,0.1903,0.0284,0.0278,0.3912
257.61,Focused,0.8039,0.1085,0.0443,0.0433,0.4245
257.80,Focused,0.6763,0.2420,0.0412,0.0405,0.4477
258.20,Focused,0.5121,0.2453,0.0890,0.1536,0.4375
258.39,Focused,0.6283,0.1885,0.0623,0.1209,0.4156
258.59,Focused,0.6549,0.1728,0.0555,0.1167,0.3736
258.78,Focused,0.7537,0.1074,0.0458,0.0931,0.3658
258.99,Focused,0.7169,0.1465,0.0586,0.0780,0.4612
259.18,Focused,0.7312,0.1622,0.0556,0.0509,0.4326
259.37,Focused,0.6353,0.2051,0.0751,0.0845,0.3781
259.58,Focused,0.7177,0.1336,0.0654,0.0833,0.3463
259.96,Focused,0.5860,0.1878,0.1547,0.0715,0.4169
260.17,Focused,0.6285,0.1421,0.1268,0.1026,0.3670
260.55,Focused,0.5259,0.0870,0.1365,0.2506,0.3463
260.76,Focused,0.4886,0.1691,0.1003,0.2420,0.2499
260.95,Focused,0.4454,0.1759,0.1095,0.2692,0.3105
261.15,Focused,0.4357,0.2154,0.0975,0.2514,0.3574
261.34,Focused,0.4589,0.1930,0.1079,0.2402,0.3716
261.54,Focused,0.5746,0.1554,0.1035,0.1665,0.3502
261.74,Focused,0.6332,0.1151,0.0936,0.1581,0.4975
262.33,Focused,0.6180,0.0984,0.0877,0.1959,0.2604
262.52,Focused,0.6441,0.0902,0.0795,0.1863,0.2991
262.73,Focused,0.6528,0.0874,0.0768,0.1830,0.2620
262.92,Focused,0.6714,0.0942,0.0702,0.1642,0.3441
263.11,Focused,0.6720,0.1204,0.0669,0.1407,0.2492
263.32,Focused,0.6722,0.1204,0.0670,0.1404,0.3292
263.51,Focused,0.6710,0.1082,0.0681,0.1527,0.3779
263.70,Focused,0.6705,0.0821,0.0714,0.1760,0.4009
